"filename","Places","Transitions","Arcs","Ordinary","Simple_free_choice","Extended_free_choice","State_machine","Marked_graph","Connected","Strongly_connected","Source_place","Sink_place","Source_transitions","Sink_transitions","Loop_free","Conservative","Subconservative","Nested_units","Safe","Deadlock","Quasi_live","Live","MarkingGraphFixedSize","Markings","Firings","Max_tokens_place","Min_tokens_marking","Max_tokens_marking","Dead_transitions","Concurrent_Units","Exclusives"
"10-10_phaseVariation","302","3137","21755","0","0","0","0","0","1","0","1","0","0","0","0","0","0","0","-1","-1","-1","-1","-1","-1","-1","-1","102","2147483647","0","0","0"
"20-100_phaseVariation","1202","13457","93395","0","0","0","0","0","1","0","1","0","0","0","0","0","0","0","-1","-1","-1","-1","-1","-1","-1","-1","402","2147483647","0","0","0"
"20-10_phaseVariation","1202","13457","93395","0","0","0","0","0","1","0","1","0","0","0","0","0","0","0","-1","-1","-1","-1","-1","-1","-1","-1","402","2147483647","0","0","0"
"2-100_phaseVariation","14","65","443","0","0","0","0","0","1","0","1","0","0","0","0","0","0","0","0","-1","-1","-1","-1","-1","-1","-1","106","2147483647","0.10769","0.33750","0.20168"
"2-10_phaseVariation","14","65","443","0","0","0","0","0","1","0","1","0","0","0","0","0","0","0","0","-1","-1","-1","-1","-1","-1","-1","14","2147483647","0.10769","0.33750","0.20168"
"2D8_gradient_10x10_100","100","684","1368","1","1","1","1","0","1","1","0","0","0","0","1","1","1","0","0","-1","-1","1","-1","-1","-1","-1","100","0","0","0.98058"
"2D8_gradient_10x10_10","100","684","1368","1","1","1","1","0","1","1","0","0","0","0","1","1","1","0","0","-1","-1","1","-1","-1","-1","-1","10","0","0","0.98058"
"2D8_gradient_10x10_150","100","684","1368","1","1","1","1","0","1","1","0","0","0","0","1","1","1","0","0","-1","-1","1","-1","-1","-1","-1","150","0","0","0.98058"
"2D8_gradient_10x10_200","100","684","1368","1","1","1","1","0","1","1","0","0","0","0","1","1","1","0","0","-1","-1","1","-1","-1","-1","-1","200","0","0","0.98058"
"2D8_gradient_10x10_50","100","684","1368","1","1","1","1","0","1","1","0","0","0","0","1","1","1","0","0","-1","-1","1","-1","-1","-1","-1","50","0","0","0.98058"
"2D8_gradient_20x20_100","400","2964","5928","1","1","1","1","0","1","1","0","0","0","0","1","1","1","0","0","-1","-1","1","-1","-1","-1","-1","100","0","0","0.99503"
"2D8_gradient_20x20_10","400","2964","5928","1","1","1","1","0","1","1","0","0","0","0","1","1","1","0","0","-1","-1","1","-1","-1","-1","-1","10","0","0","0.99503"
"2D8_gradient_20x20_150","400","2964","5928","1","1","1","1","0","1","1","0","0","0","0","1","1","1","0","0","-1","-1","1","-1","-1","-1","-1","150","0","0","0.99503"
"2D8_gradient_20x20_50","400","2964","5928","1","1","1","1","0","1","1","0","0","0","0","1","1","1","0","0","-1","-1","1","-1","-1","-1","-1","50","0","0","0.99503"
"2D8_gradient_30x30_100","900","6844","13688","1","1","1","1","0","1","1","0","0","0","0","1","1","1","0","0","-1","-1","1","-1","-1","-1","-1","100","0","0","0.99778"
"2D8_gradient_30x30_10","900","6844","13688","1","1","1","1","0","1","1","0","0","0","0","1","1","1","0","0","-1","-1","1","-1","-1","-1","-1","10","0","0","0.99778"
"2D8_gradient_30x30_150","900","6844","13688","1","1","1","1","0","1","1","0","0","0","0","1","1","1","0","0","-1","-1","1","-1","-1","-1","-1","150","0","0","0.99778"
"2D8_gradient_30x30_50","900","6844","13688","1","1","1","1","0","1","1","0","0","0","0","1","1","1","0","0","-1","-1","1","-1","-1","-1","-1","50","0","0","0.99778"
"2D8_gradient_40x40_100","1600","12324","24648","1","1","1","1","0","1","1","0","0","0","0","1","1","1","0","0","-1","-1","1","-1","-1","-1","-1","100","0","0","0.99875"
"2D8_gradient_40x40_10","1600","12324","24648","1","1","1","1","0","1","1","0","0","0","0","1","1","1","0","0","-1","-1","1","-1","-1","-1","-1","10","0","0","0.99875"
"2D8_gradient_40x40_150","1600","12324","24648","1","1","1","1","0","1","1","0","0","0","0","1","1","1","0","0","-1","-1","1","-1","-1","-1","-1","150","0","0","0.99875"
"2D8_gradient_40x40_50","1600","12324","24648","1","1","1","1","0","1","1","0","0","0","0","1","1","1","0","0","-1","-1","1","-1","-1","-1","-1","50","0","0","0.99875"
"2D8_gradient_5x5_100","25","144","288","1","1","1","1","0","1","1","0","0","0","0","1","1","1","0","0","-1","-1","1","-1","-1","-1","-1","100","0","0","0.92857"
"2D8_gradient_5x5_10","25","144","288","1","1","1","1","0","1","1","0","0","0","0","1","1","1","0","0","-1","-1","1","-1","-1","-1","-1","10","0","0","0.92857"
"2D8_gradient_5x5_150","25","144","288","1","1","1","1","0","1","1","0","0","0","0","1","1","1","0","0","-1","-1","1","-1","-1","-1","-1","150","0","0","0.92857"
"2D8_gradient_5x5_200","25","144","288","1","1","1","1","0","1","1","0","0","0","0","1","1","1","0","0","-1","-1","1","-1","-1","-1","-1","200","0","0","0.92857"
"2D8_gradient_5x5_250","25","144","288","1","1","1","1","0","1","1","0","0","0","0","1","1","1","0","0","-1","-1","1","-1","-1","-1","-1","250","0","0","0.92857"
"2D8_gradient_5x5_300","25","144","288","1","1","1","1","0","1","1","0","0","0","0","1","1","1","0","0","-1","-1","1","-1","-1","-1","-1","300","0","0","0.92857"
"2D8_gradient_5x5_350","25","144","288","1","1","1","1","0","1","1","0","0","0","0","1","1","1","0","0","-1","-1","1","-1","-1","-1","-1","350","0","0","0.92857"
"2D8_gradient_5x5_50","25","144","288","1","1","1","1","0","1","1","0","0","0","0","1","1","1","0","0","-1","-1","1","-1","-1","-1","-1","50","0","0","0.92857"
"30-100_phaseVariation","2702","30977","215035","0","0","0","0","0","1","0","1","0","0","0","0","0","0","0","-1","-1","-1","-1","-1","-1","-1","-1","902","2147483647","0","0","0"
"30-10_phaseVariation","2702","30977","215035","0","0","0","0","0","1","0","1","0","0","0","0","0","0","0","-1","-1","-1","-1","-1","-1","-1","-1","902","2147483647","0","0","0"
"5-100_phaseVariation","77","677","4685","0","0","0","0","0","1","0","1","0","0","0","0","0","0","0","0","-1","-1","-1","-1","-1","-1","-1","127","2147483647","0.07237","0.46299","0.04870"
"5-10_phaseVariation","77","677","4685","0","0","0","0","0","1","0","1","0","0","0","0","0","0","0","-1","-1","-1","-1","-1","-1","-1","-1","27","2147483647","0.10930","0.43865","0.09740"
"AirplaneLD-pt-0010","89","88","333","1","0","0","0","0","1","0","1","1","0","0","0","0","1","0","1","1","0","1","0","43463","-1","1","38","0","0.41941","0.13922"
"AirplaneLD-pt-0020","159","168","638","1","0","0","0","0","1","0","1","1","0","0","0","0","1","0","1","1","0","1","0","308303","-1","1","68","0","0.42973","0.12811"
"AirplaneLD-pt-0050","369","408","1553","1","0","0","0","0","1","0","1","1","0","0","0","0","1","0","1","1","0","1","0","4.47122e+06","-1","1","158","0","0.43545","0.12369"
"AirplaneLD-pt-0100","719","808","3078","1","0","0","0","0","1","0","1","1","0","0","0","0","1","0","1","1","0","1","0","3.48774e+07","-1","1","308","0","0.43718","0.12286"
"AirplaneLD-pt-0200","1419","1608","6128","1","0","0","0","0","1","0","1","1","0","0","0","0","1","0","1","1","0","1","0","2.75495e+08","-1","1","608","0","0.43799","0.12259"
"angiogenesis-01","39","64","185","1","0","0","0","0","1","0","0","1","0","0","1","0","0","0","1","1","0","0","0","110","-1","1","8","39","0.10937","0.13719","0.67765"
"angiogenesis-05","39","64","185","1","0","0","0","0","1","0","0","1","0","0","1","0","0","0","0","-1","-1","-1","-1","-1","-1","-1","40","2147483647","0.10937","0.13719","0.67765"
"angiogenesis-10","39","64","185","1","0","0","0","0","1","0","0","1","0","0","1","0","0","0","0","-1","-1","-1","-1","-1","-1","-1","80","2147483647","0.10937","0.13719","0.67765"
"angiogenesis-15","39","64","185","1","0","0","0","0","1","0","0","1","0","0","1","0","0","0","0","-1","-1","-1","-1","-1","-1","-1","120","2147483647","0.10937","0.13719","0.67765"
"angiogenesis-20","39","64","185","1","0","0","0","0","1","0","0","1","0","0","1","0","0","0","0","-1","-1","-1","-1","-1","-1","-1","160","2147483647","0.10937","0.13719","0.67765"
"angiogenesis-25","39","64","185","1","0","0","0","0","1","0","0","1","0","0","1","0","0","0","0","-1","-1","-1","-1","-1","-1","-1","200","2147483647","0.10937","0.13719","0.67765"
"angiogenesis-50","39","64","185","1","0","0","0","0","1","0","0","1","0","0","1","0","0","0","0","-1","-1","-1","-1","-1","-1","-1","400","2147483647","0.10937","0.13719","0.67765"
"BART-002-unf","474","404","3240","1","0","0","0","0","1","1","0","0","0","0","0","1","1","0","1","0","-1","1","-1","17424","-1","1","212","0","0.41932","0.15715"
"BridgeAndVehicles-V04-P05-N02-unfolded","28","52","326","0","0","0","0","0","1","0","1","1","0","0","0","1","1","0","0","-1","-1","-1","-1","-1","-1","-1","17","0.35576","0.18735","0.55990"
"BridgeAndVehicles-V10-P10-N10-unfolded","48","288","2090","0","0","0","0","0","1","0","1","1","0","0","0","1","1","0","0","-1","-1","-1","-1","-1","-1","-1","34","0.47395","0.06653","0.82761"
"BridgeAndVehicles-V20-P10-N10-unfolded","68","548","4070","0","0","0","0","0","1","0","1","1","0","0","0","1","1","0","0","-1","-1","-1","-1","-1","-1","-1","54","0.48631","0.03374","0.90430"
"BridgeAndVehicles-V20-P10-N20-unfolded","78","968","7350","0","0","0","0","0","1","0","1","1","0","0","0","1","1","0","0","-1","-1","-1","-1","-1","-1","-1","54","0.49225","0.02579","0.92371"
"BridgeAndVehicles-V20-P10-N50-unfolded","108","2228","17190","0","0","0","0","0","1","0","1","1","0","0","0","1","1","0","0","-1","-1","-1","-1","-1","-1","-1","54","0.49663","0.01359","0.95478"
"BridgeAndVehicles-V20-P20-N10-unfolded","68","548","4070","0","0","0","0","0","1","0","1","1","0","0","0","1","1","0","0","-1","-1","-1","-1","-1","-1","-1","64","0.48631","0.03374","0.90430"
"BridgeAndVehicles-V20-P20-N20-unfolded","78","968","7350","0","0","0","0","0","1","0","1","1","0","0","0","1","1","0","0","-1","-1","-1","-1","-1","-1","-1","64","0.49225","0.02579","0.92371"
"BridgeAndVehicles-V20-P20-N50-unfolded","108","2228","17190","0","0","0","0","0","1","0","1","1","0","0","0","1","1","0","0","-1","-1","-1","-1","-1","-1","-1","64","0.49663","0.01359","0.95478"
"BridgeAndVehicles-V50-P20-N10-unfolded","128","1328","10010","0","0","0","0","0","1","0","1","1","0","0","0","1","1","0","0","-1","-1","-1","-1","-1","-1","-1","124","0.49435","0.00971","0.96529"
"BridgeAndVehicles-V50-P20-N20-unfolded","138","2348","18090","0","0","0","0","0","1","0","1","1","0","0","0","1","1","0","0","-1","-1","-1","-1","-1","-1","-1","124","0.49680","0.00837","0.96906"
"BridgeAndVehicles-V50-P20-N50-unfolded","168","5408","42330","0","0","0","0","0","1","0","1","1","0","0","0","1","1","0","0","-1","-1","-1","-1","-1","-1","-1","124","0.49861","0.00567","0.97695"
"BridgeAndVehicles-V50-P50-N10-unfolded","128","1328","10010","0","0","0","0","0","1","0","1","1","0","0","0","1","1","0","0","-1","-1","-1","-1","-1","-1","-1","154","0.49435","0.00971","0.96529"
"BridgeAndVehicles-V50-P50-N20-unfolded","138","2348","18090","0","0","0","0","0","1","0","1","1","0","0","0","1","1","0","0","-1","-1","-1","-1","-1","-1","-1","154","0.49680","0.00837","0.96906"
"BridgeAndVehicles-V50-P50-N50-unfolded","168","5408","42330","0","0","0","0","0","1","0","1","1","0","0","0","1","1","0","0","-1","-1","-1","-1","-1","-1","-1","154","0.49861","0.00567","0.97695"
"BridgeAndVehicles-V80-P20-N10-unfolded","188","2108","15950","0","0","0","0","0","1","0","1","1","0","0","0","1","1","0","0","-1","-1","-1","-1","-1","-1","-1","184","0.49644","0.00453","0.98045"
"BridgeAndVehicles-V80-P20-N20-unfolded","198","3728","28830","0","0","0","0","0","1","0","1","1","0","0","0","1","1","0","0","-1","-1","-1","-1","-1","-1","-1","184","0.49798","0.00409","0.98185"
"BridgeAndVehicles-V80-P20-N50-unfolded","228","8588","67470","0","0","0","0","0","1","0","1","1","0","0","0","1","1","0","0","-1","-1","-1","-1","-1","-1","-1","184","0.49912","0.00309","0.98515"
"BridgeAndVehicles-V80-P50-N10-unfolded","188","2108","15950","0","0","0","0","0","1","0","1","1","0","0","0","1","1","0","0","-1","-1","-1","-1","-1","-1","-1","214","0.49644","0.00453","0.98045"
"BridgeAndVehicles-V80-P50-N20-unfolded","198","3728","28830","0","0","0","0","0","1","0","1","1","0","0","0","1","1","0","0","-1","-1","-1","-1","-1","-1","-1","214","0.49798","0.00409","0.98185"
"BridgeAndVehicles-V80-P50-N50-unfolded","228","8588","67470","0","0","0","0","0","1","0","1","1","0","0","0","1","1","0","0","-1","-1","-1","-1","-1","-1","-1","214","0.49912","0.00309","0.98515"
"circadian_clock-000001","14","16","58","1","0","0","0","0","1","1","0","0","0","0","0","1","1","0","1","0","-1","1","-1","128","-1","1","7","0","0.35000","0.17647"
"circadian_clock-000010","14","16","58","1","0","0","0","0","1","1","0","0","0","0","0","1","1","0","0","-1","-1","1","-1","-1","-1","-1","52","0","0.35000","0.17647"
"circadian_clock-000100","14","16","58","1","0","0","0","0","1","1","0","0","0","0","0","1","1","0","0","-1","-1","1","-1","-1","-1","-1","502","0","0.35000","0.17647"
"circadian_clock-001000","14","16","58","1","0","0","0","0","1","1","0","0","0","0","0","1","1","0","0","-1","-1","1","-1","-1","-1","-1","5002","0","0.35000","0.17647"
"circadian_clock-010000","14","16","58","1","0","0","0","0","1","1","0","0","0","0","0","1","1","0","0","-1","-1","1","-1","-1","-1","-1","50002","0","0.35000","0.17647"
"circadian_clock-100000","14","16","58","1","0","0","0","0","1","1","0","0","0","0","0","1","1","0","0","-1","-1","1","-1","-1","-1","-1","500002","0","0.35000","0.17647"
"CircularTrain-012","24","12","48","1","1","1","0","1","1","1","0","0","0","0","1","1","1","0","0","-1","-1","1","-1","1036","2147483647","-1","-1","12","0","0.38769","0.14814"
"CircularTrain-024","48","24","96","1","1","1","0","1","1","1","0","0","0","0","1","1","1","0","0","-1","-1","1","-1","2","2147483647.20686e+06","-1","-1","24","0","0.44081","0.07843"
"ClientsAndServers-0001-0","25","18","54","1","0","0","0","0","1","1","0","0","0","0","1","0","0","0","0","-1","-1","1","-1","-1","-1","-1","17","2147483647","0","0.09686","0.73428"
"ClientsAndServers-0002-0","25","18","54","1","0","0","0","0","1","1","0","0","0","0","1","0","0","0","0","-1","-1","1","-1","-1","-1","-1","34","2147483647","0","0.09686","0.73428"
"ClientsAndServers-0002-1","25","18","54","1","0","0","0","0","1","1","0","0","0","0","1","0","0","0","0","-1","-1","1","-1","-1","-1","-1","39","2147483647","0","0.09686","0.73428"
"ClientsAndServers-0005-0","25","18","54","1","0","0","0","0","1","1","0","0","0","0","1","0","0","0","0","-1","-1","1","-1","-1","-1","-1","85","2147483647","0","0.09686","0.73428"
"ClientsAndServers-0005-1","25","18","54","1","0","0","0","0","1","1","0","0","0","0","1","0","0","0","0","-1","-1","1","-1","-1","-1","-1","90","2147483647","0","0.09686","0.73428"
"ClientsAndServers-0010-0","25","18","54","1","0","0","0","0","1","1","0","0","0","0","1","0","0","0","0","-1","-1","1","-1","-1","-1","-1","170","2147483647","0","0.09686","0.73428"
"ClientsAndServers-0010-1","25","18","54","1","0","0","0","0","1","1","0","0","0","0","1","0","0","0","0","-1","-1","1","-1","-1","-1","-1","175","2147483647","0","0.09686","0.73428"
"ClientsAndServers-0010-2","25","18","54","1","0","0","0","0","1","1","0","0","0","0","1","0","0","0","0","-1","-1","1","-1","-1","-1","-1","180","2147483647","0","0.09686","0.73428"
"ClientsAndServers-0020-0","25","18","54","1","0","0","0","0","1","1","0","0","0","0","1","0","0","0","0","-1","-1","1","-1","-1","-1","-1","340","2147483647","0","0.09686","0.73428"
"ClientsAndServers-0020-1","25","18","54","1","0","0","0","0","1","1","0","0","0","0","1","0","0","0","0","-1","-1","1","-1","-1","-1","-1","345","2147483647","0","0.09686","0.73428"
"ClientsAndServers-0020-2","25","18","54","1","0","0","0","0","1","1","0","0","0","0","1","0","0","0","0","-1","-1","1","-1","-1","-1","-1","350","2147483647","0","0.09686","0.73428"
"ClientsAndServers-0020-3","25","18","54","1","0","0","0","0","1","1","0","0","0","0","1","0","0","0","0","-1","-1","1","-1","-1","-1","-1","355","2147483647","0","0.09686","0.73428"
"ClientsAndServers-0020-4","25","18","54","1","0","0","0","0","1","1","0","0","0","0","1","0","0","0","0","-1","-1","1","-1","-1","-1","-1","360","2147483647","0","0.09686","0.73428"
"ClientsAndServers-0050-0","25","18","54","1","0","0","0","0","1","1","0","0","0","0","1","0","0","0","0","-1","-1","1","-1","-1","-1","-1","850","2147483647","0","0.09686","0.73428"
"ClientsAndServers-0100-0","25","18","54","1","0","0","0","0","1","1","0","0","0","0","1","0","0","0","0","-1","-1","1","-1","-1","-1","-1","1700","2147483647","0","0.09686","0.73428"
"ClientsAndServers-0200-0","25","18","54","1","0","0","0","0","1","1","0","0","0","0","1","0","0","0","0","-1","-1","1","-1","-1","-1","-1","3400","2147483647","0","0.09686","0.73428"
"ClientsAndServers-0500-0","25","18","54","1","0","0","0","0","1","1","0","0","0","0","1","0","0","0","0","-1","-1","1","-1","-1","-1","-1","8500","2147483647","0","0.09686","0.73428"
"ClientsAndServers-1000-0","25","18","54","1","0","0","0","0","1","1","0","0","0","0","1","0","0","0","0","-1","-1","1","-1","-1","-1","-1","17000","2147483647","0","0.09686","0.73428"
"ClientsAndServers-2000-0","25","18","54","1","0","0","0","0","1","1","0","0","0","0","1","0","0","0","0","-1","-1","1","-1","-1","-1","-1","34000","2147483647","0","0.09686","0.73428"
"ClientsAndServers-5000-0","25","18","54","1","0","0","0","0","1","1","0","0","0","0","1","0","0","0","0","-1","-1","1","-1","-1","-1","-1","85000","2147483647","0","0.09686","0.73428"
"closed_system1","231","202","846","1","0","0","0","0","1","1","0","0","0","0","0","0","0","0","1","0","-1","0","0","25632","-1","1","36","231","0.09900","0.17154","0.64835"
"closed_system2","231","202","846","1","0","0","0","0","1","1","0","0","0","0","0","0","0","0","1","0","-1","1","-1","349874","-1","1","36","231","0","0.32257","0.34628"
"closed_system3","231","202","846","1","0","0","0","0","1","1","0","0","0","0","0","0","0","0","1","0","-1","1","-1","1.46521e+06","-1","1","36","231","0","0.34155","0.30832"
"closed_system4","231","202","846","1","0","0","0","0","1","1","0","0","0","0","0","0","0","0","1","0","-1","1","-1","2.40974e+06","-1","1","36","231","0","0.34155","0.30832"
"closed_system5","231","202","846","1","0","0","0","0","1","1","0","0","0","0","0","0","0","0","1","0","-1","1","-1","1.65724e+06","-1","1","36","231","0","0.34155","0.30832"
"cs_repetitions-2-unfolded","23","28","92","1","0","0","0","0","1","0","0","0","0","1","0","0","1","0","0","-1","-1","1","-1","-1","-1","-1","8","0","0.36500","0.19063"
"cs_repetitions-3-unfolded","58","81","279","1","0","0","0","0","1","0","0","0","0","1","0","0","1","0","0","-1","-1","1","-1","-1","-1","-1","15","0","0.41355","0.13962"
"database2UNFOLD","38","32","88","1","0","0","0","0","1","1","0","0","0","0","1","0","0","0","1","0","-1","1","-1","153","-1","1","6","38","0","0.20576","0.53915"
"dekker-10","50","120","820","1","0","0","0","0","1","1","0","0","0","0","0","1","1","0","1","0","-1","1","-1","6144","-1","1","20","0","0.41855","0.12452"
"dekker-15","75","255","1830","1","0","0","0","0","1","1","0","0","0","0","0","1","1","0","1","0","-1","1","-1","278528","-1","1","30","0","0.43831","0.09743"
"dekker-20","100","440","3240","1","0","0","0","0","1","1","0","0","0","0","0","1","1","0","1","0","-1","1","-1","1.15343e+07","-1","1","40","0","0.44845","0.08349"
"desel_esparza_10_2","4","4","10","1","0","0","0","0","1","0","0","0","0","1","1","0","0","0","0","-1","-1","1","-1","9","2147483647","-1","-1","1","0","0.20000","0.28571"
"desel_esparza_10_3a","9","9","27","1","0","0","0","0","1","1","0","0","0","0","1","0","0","0","1","0","-1","1","-1","14","-1","1","3","9","0","0.19090","0.44444"
"desel_esparza_10_3b","11","9","31","1","0","0","0","0","1","1","0","0","0","0","1","0","0","0","1","0","-1","0","0","10","-1","1","4","11","0.11111","0.22435","0.40259"
"desel_esparza_5_2","8","10","20","1","1","1","1","0","0","0","0","0","0","0","1","1","1","0","1","0","1","1","1","16","-1","1","2","0","0.17777","0.45454"
"desel_esparza_6_1","8","7","20","1","1","1","0","0","1","1","0","0","0","0","1","1","1","0","1","1","1","0","0","1","-1","1","2","0.50000","0.01111","0.79545"
"desel_esparza_7_3","9","6","22","1","0","0","0","0","1","1","0","0","0","0","1","0","0","0","1","0","-1","1","-1","6","-1","1","3","9","0","0.13636","0.55555"
"desel_esparza_8_1","8","7","20","1","0","1","0","0","1","1","0","0","0","0","1","1","1","0","1","0","-1","1","-1","9","-1","1","2","0","0.10000","0.61363"
"desel_esparza_8_2","10","6","28","1","0","0","0","0","1","1","0","0","0","0","0","1","1","0","1","0","-1","1","-1","7","-1","1","4","0","0.23484","0.36923"
"desel_esparza_8_3","14","8","40","1","0","0","0","0","1","1","0","0","0","0","0","0","0","0","1","0","-1","1","-1","21","-1","1","5","14","0","0.30416","0.26890"
"desel_esparza_9_4","3","5","10","1","1","1","1","0","1","1","0","0","0","0","1","1","1","0","1","0","1","1","1","3","-1","1","1","0","0","0.66666"
"desel_esparza_9_5","16","9","40","1","0","0","0","0","1","1","0","0","0","0","1","1","1","0","1","0","-1","1","-1","256","-1","1","8","0","0.36601","0.15789"
"diningphilosopher","5","4","12","1","0","0","0","0","1","1","0","0","0","0","1","0","0","0","1","1","1","0","0","1","-1","1","0","5","0.50000","0","0.75000"
"dnawalk-01","13","82","241","0","0","0","0","0","1","0","1","0","0","1","0","0","1","0","0","-1","-1","-1","-1","-1","-1","-1","13","0","0.36666","0.13461"
"dnawalk-02","14","84","244","0","0","0","0","0","1","0","1","0","0","1","0","0","1","0","0","-1","-1","-1","-1","-1","-1","-1","13","0","0.37083","0.13445"
"dnawalk-03","14","84","244","0","0","0","0","0","1","0","1","0","0","1","0","0","1","0","0","-1","-1","-1","-1","-1","-1","-1","13","0","0.37083","0.13445"
"dnawalk-04","34","250","728","0","0","0","0","0","1","0","1","0","0","1","0","0","1","0","0","-1","-1","-1","-1","-1","-1","-1","29","0","0.44047","0.06359"
"dnawalk-05","34","250","728","0","0","0","0","0","1","0","1","0","0","1","0","0","1","0","0","-1","-1","-1","-1","-1","-1","-1","29","0","0.44047","0.06359"
"dnawalk-06","34","250","728","0","0","0","0","0","1","0","1","0","0","1","0","0","1","0","0","-1","-1","-1","-1","-1","-1","-1","29","0","0.44047","0.06359"
"dnawalk-07","34","250","728","0","0","0","0","0","1","0","1","0","0","1","0","0","1","0","0","-1","-1","-1","-1","-1","-1","-1","29","0","0.44047","0.06359"
"dnawalk-08","27","260","760","0","0","0","0","0","1","0","1","0","0","1","0","0","1","0","0","-1","-1","-1","-1","-1","-1","-1","22","0","0.42487","0.08148"
"dnawalk-09","27","260","760","0","0","0","0","0","1","0","1","0","0","1","0","0","1","0","0","-1","-1","-1","-1","-1","-1","-1","22","0","0.42487","0.08148"
"dnawalk-10","27","260","760","0","0","0","0","0","1","0","1","0","0","1","0","0","1","0","0","-1","-1","-1","-1","-1","-1","-1","22","0","0.42487","0.08148"
"dnawalk-11","27","260","760","0","0","0","0","0","1","0","1","0","0","1","0","0","1","0","0","-1","-1","-1","-1","-1","-1","-1","22","0","0.42487","0.08148"
"dnawalk-12","33","312","916","0","0","0","0","0","1","0","1","0","0","1","0","0","1","0","0","-1","-1","-1","-1","-1","-1","-1","28","0","0.43865","0.06565"
"dnawalk-13","33","312","916","0","0","0","0","0","1","0","1","0","0","1","0","0","1","0","0","-1","-1","-1","-1","-1","-1","-1","28","0","0.43865","0.06565"
"dnawalk-14","33","312","916","0","0","0","0","0","1","0","1","0","0","1","0","0","1","0","0","-1","-1","-1","-1","-1","-1","-1","28","0","0.43865","0.06565"
"dnawalk-15","33","312","916","0","0","0","0","0","1","0","1","0","0","1","0","0","1","0","0","-1","-1","-1","-1","-1","-1","-1","28","0","0.43865","0.06565"
"dnawalk-16","43","490","1438","0","0","0","0","0","1","0","1","0","0","1","0","0","1","0","0","-1","-1","-1","-1","-1","-1","-1","34","0","0.45101","0.05358"
"dnawalk-17","43","490","1438","0","0","0","0","0","1","0","1","0","0","1","0","0","1","0","0","-1","-1","-1","-1","-1","-1","-1","34","0","0.45101","0.05358"
"dnawalk-18","164","3697","10898","0","0","0","0","0","1","0","1","0","0","1","0","0","1","0","0","-1","-1","-1","-1","-1","-1","-1","101","0","0","0"
"doubleexponent_001","57","48","135","1","0","0","0","0","1","0","1","1","0","0","1","0","0","0","0","-1","-1","-1","-1","27","2147483647","-1","-1","2","0.22916","0.04909","0.86842"
"doubleexponent_002","110","98","276","1","0","0","0","0","1","0","1","1","0","0","1","0","0","0","0","-1","-1","-1","-1","27","2147483647","-1","-1","2","0.36734","0.01351","0.95526"
"doubleexponent_003","163","148","417","1","0","0","0","0","1","0","1","1","0","0","1","0","0","0","0","-1","-1","-1","-1","27","2147483647","-1","-1","2","0.41216","0.00620","0.97553"
"doubleexponent_004","216","198","558","1","0","0","0","0","1","0","1","1","0","0","1","0","0","0","0","-1","-1","-1","-1","27","2147483647","-1","-1","2","0.43434","0.00355","0.98376"
"doubleexponent_010","534","498","1404","1","0","0","0","0","1","0","1","1","0","0","1","0","0","0","0","-1","-1","-1","-1","27","2147483647","-1","-1","2","0.47389","0.00058","0.99510"
"doubleexponent_020","1064","998","2814","1","0","0","0","0","1","0","1","1","0","0","1","0","0","0","0","-1","-1","-1","-1","27","2147483647","-1","-1","2","0.48697","0.00014","0.99782"
"doubleexponent_100","5304","4998","14094","1","0","0","0","0","1","0","1","1","0","0","1","0","0","0","0","-1","-1","-1","-1","-1","-1","-1","2","2147483647","0.49739","0","0.99961"
"Egfr-020-1-0","40","68","338","1","0","0","0","0","1","1","0","0","0","0","0","1","1","0","1","1","0","0","0","4200","-1","1","20","0.22058","0.41463","0.12325"
"Egfr-104-2-0","208","378","3198","1","0","0","0","0","1","1","0","0","0","0","0","1","1","0","1","0","-1","0","0","2.70216e+16","-1","1","104","0.31613","0.28493","0.42061"
"Egfr-104-2-1","208","378","3198","1","0","0","0","0","1","1","0","0","0","0","0","1","1","0","1","0","-1","0","0","2.70216e+16","-1","1","104","0.31613","0.28493","0.42061"
"eratosthenes-010","9","8","24","1","0","0","0","0","0","0","1","1","0","0","0","0","1","0","1","1","0","1","0","32","-1","1","9","0","0.32727","0.16666"
"eratosthenes-020","19","27","81","1","0","0","0","0","0","0","1","1","0","0","0","0","1","0","1","1","0","1","0","2048","-1","1","19","0","0.40714","0.09090"
"eratosthenes-050","49","108","324","1","0","0","0","0","0","0","1","1","0","0","0","0","1","0","1","1","0","1","0","1.71799e+10","-1","1","49","0","0.46117","0.03846"
"eratosthenes-100","99","283","849","1","0","0","0","0","0","0","1","1","0","0","0","0","1","0","1","1","0","1","0","1.88895e+22","-1","1","99","0","0.48029","0.01960"
"eratosthenes-200","199","699","2097","1","0","0","0","0","0","0","1","1","0","0","0","0","1","0","1","1","0","1","0","1.1418e+46","-1","1","199","0","0.49007","0.00990"
"erk-000001","11","11","34","1","0","0","0","0","1","1","0","0","0","0","1","0","0","0","1","0","-1","1","-1","13","-1","1","5","11","0","0.22435","0.40259"
"erk-000010","11","11","34","1","0","0","0","0","1","1","0","0","0","0","1","0","0","0","0","-1","-1","1","-1","-1","-1","-1","50","2147483647","0","0.22435","0.40259"
"erk-000100","11","11","34","1","0","0","0","0","1","1","0","0","0","0","1","0","0","0","0","-1","-1","1","-1","-1","-1","-1","500","2147483647","0","0.22435","0.40259"
"erk-001000","11","11","34","1","0","0","0","0","1","1","0","0","0","0","1","0","0","0","0","-1","-1","1","-1","-1","-1","-1","5000","2147483647","0","0.22435","0.40259"
"erk-010000","11","11","34","1","0","0","0","0","1","1","0","0","0","0","1","0","0","0","0","-1","-1","1","-1","-1","-1","-1","50000","2147483647","0","0.22435","0.40259"
"erk-100000","11","11","34","1","0","0","0","0","1","1","0","0","0","0","1","0","0","0","0","-1","-1","1","-1","-1","-1","-1","500000","2147483647","0","0.22435","0.40259"
"fivediningphilosophers-2at1ce-boxed","15","10","40","1","0","0","0","0","1","1","0","0","0","0","1","0","0","0","1","0","-1","1","-1","11","-1","1","10","15","0","0.31250","0.25925"
"fivediningphilosophers-3_32","15","10","40","1","0","0","0","0","1","1","0","0","0","0","1","0","0","0","1","0","-1","1","-1","11","-1","1","8","15","0","0.31250","0.25925"
"fivediningphilosophers-boxed","25","25","80","1","0","0","0","0","1","1","0","0","0","0","1","0","0","0","1","1","0","0","0","243","-1","1","10","25","0.02000","0.32763","0.27142"
"fivediningphilosophers-lr-boxed","20","15","50","1","0","0","0","0","1","1","0","0","0","0","1","0","0","0","1","1","0","1","0","82","-1","1","10","20","0","0.32467","0.26086"
"FMS-100","22","20","50","1","0","0","0","0","1","1","0","0","0","0","0","0","0","0","0","-1","-1","1","-1","-1","-1","-1","306","2147483647","0","0.25543","0.40727"
"FMS-10","22","20","50","1","0","0","0","0","1","1","0","0","0","0","0","0","0","0","0","-1","-1","1","-1","-1","-1","-1","36","2147483647","0","0.25543","0.40727"
"FMS-200","22","20","50","1","0","0","0","0","1","1","0","0","0","0","0","0","0","0","0","-1","-1","1","-1","-1","-1","-1","606","2147483647","0","0.25543","0.40727"
"FMS-20","22","20","50","1","0","0","0","0","1","1","0","0","0","0","0","0","0","0","0","-1","-1","1","-1","-1","-1","-1","66","2147483647","0","0.25543","0.40727"
"FMS-2","22","20","50","1","0","0","0","0","1","1","0","0","0","0","0","0","0","0","0","-1","-1","1","-1","-1","-1","-1","12","2147483647","0","0.25543","0.40727"
"FMS-500","22","20","50","1","0","0","0","0","1","1","0","0","0","0","0","0","0","0","0","-1","-1","1","-1","-1","-1","-1","1506","2147483647","0","0.25543","0.40727"
"FMS-50","22","20","50","1","0","0","0","0","1","1","0","0","0","0","0","0","0","0","0","-1","-1","1","-1","-1","-1","-1","156","2147483647","0","0.25543","0.40727"
"FMS-5","22","20","50","1","0","0","0","0","1","1","0","0","0","0","0","0","0","0","0","-1","-1","1","-1","-1","-1","-1","21","2147483647","0","0.25543","0.40727"
"fourdiningphilosophers-boxed-alt","12","8","32","1","0","0","0","0","1","1","0","0","0","0","1","0","0","0","1","0","-1","1","-1","7","-1","1","8","12","0","0.27472","0.31111"
"fourdiningphilosophers-boxed","12","8","32","1","0","0","0","0","1","1","0","0","0","0","1","0","0","0","1","0","-1","1","-1","7","-1","1","8","12","0","0.27472","0.31111"
"fourdiningphilosophers","12","8","32","1","0","0","0","0","1","1","0","0","0","0","1","0","0","0","1","0","-1","1","-1","7","-1","1","8","12","0","0.27472","0.31111"
"gen_sound_is_dec_no-bwf","3","2","6","1","0","0","0","0","1","0","1","1","0","0","0","1","1","0","0","-1","-1","-1","-1","-1","-1","-1","5","0.25000","0","0.66666"
"G-PPP-1000-1000","33","22","83","0","0","0","0","0","1","1","0","0","0","0","1","0","0","0","0","-1","-1","-1","-1","-1","-1","-1","21001","2147483647","0.43181","0.06302","0.81818"
"G-PPP-1000-100","33","22","83","0","0","0","0","0","1","1","0","0","0","0","1","0","0","0","0","-1","-1","-1","-1","-1","-1","-1","12901","2147483647","0.43181","0.06302","0.81818"
"G-PPP-1000-10","33","22","83","0","0","0","0","0","1","1","0","0","0","0","1","0","0","0","0","-1","-1","-1","-1","-1","-1","-1","12091","2147483647","0.43181","0.06302","0.81818"
"G-PPP-100-100000","33","22","83","0","0","0","0","0","1","1","0","0","0","0","1","0","0","0","0","-1","-1","-1","-1","-1","-1","-1","901201","2147483647","0.43181","0.06302","0.81818"
"G-PPP-100-10000","33","22","83","0","0","0","0","0","1","1","0","0","0","0","1","0","0","0","0","-1","-1","-1","-1","-1","-1","-1","91201","2147483647","0.43181","0.06302","0.81818"
"G-PPP-100-1000","33","22","83","0","0","0","0","0","1","1","0","0","0","0","1","0","0","0","0","-1","-1","-1","-1","-1","-1","-1","10201","2147483647","0.43181","0.06302","0.81818"
"G-PPP-100-100","33","22","83","0","0","0","0","0","1","1","0","0","0","0","1","0","0","0","0","-1","-1","-1","-1","-1","-1","-1","2101","2147483647","0.43181","0.06302","0.81818"
"G-PPP-100-10","33","22","83","0","0","0","0","0","1","1","0","0","0","0","1","0","0","0","0","-1","-1","-1","-1","-1","-1","-1","1291","2147483647","0.43181","0.06302","0.81818"
"G-PPP-10-1000000000","33","22","83","0","0","0","0","0","1","1","0","0","0","0","1","0","0","0","0","-1","-1","-1","-1","-1","-1","-1","9000000121","2147483647","0.43181","0.06302","0.81818"
"G-PPP-10-100","33","22","83","0","0","0","0","0","1","1","0","0","0","0","1","0","0","0","0","-1","-1","-1","-1","-1","-1","-1","1021","2147483647","0.43181","0.06302","0.81818"
"G-PPP-10-10","33","22","83","0","0","0","0","0","1","1","0","0","0","0","1","0","0","0","0","-1","-1","-1","-1","-1","-1","-1","211","2147483647","0.43181","0.06302","0.81818"
"G-PPP-1-100000","33","22","83","0","0","0","0","0","1","1","0","0","0","0","1","0","0","0","0","-1","-1","-1","-1","-1","-1","-1","900013","2147483647","0.43181","0.06302","0.81818"
"G-PPP-1-10000","33","22","83","0","0","0","0","0","1","1","0","0","0","0","1","0","0","0","0","-1","-1","-1","-1","-1","-1","-1","90013","2147483647","0.43181","0.06302","0.81818"
"G-PPP-1-1000","33","22","83","0","0","0","0","0","1","1","0","0","0","0","1","0","0","0","0","-1","-1","-1","-1","-1","-1","-1","9013","2147483647","0.43181","0.06302","0.81818"
"G-PPP-1-100","33","22","83","0","0","0","0","0","1","1","0","0","0","0","1","0","0","0","0","-1","-1","-1","-1","-1","-1","-1","913","2147483647","0.43181","0.06302","0.81818"
"G-PPP-1-10","33","22","83","0","0","0","0","0","1","1","0","0","0","0","1","0","0","0","0","-1","-1","-1","-1","-1","-1","-1","103","2147483647","0.43181","0.06302","0.81818"
"G-PPP-1-1","33","22","83","0","0","0","0","0","1","1","0","0","0","0","1","0","0","0","0","-1","-1","-1","-1","-1","-1","-1","22","2147483647","0.43181","0.06302","0.81818"
"HouseConstruction-002","26","18","51","1","1","1","0","0","1","0","1","0","0","1","1","0","0","0","0","-1","-1","1","-1","-1","-1","-1","2","2147483647","0","0.16666","0.59681"
"HouseConstruction-005","26","18","51","1","1","1","0","0","1","0","1","0","0","1","1","0","0","0","0","-1","-1","1","-1","-1","-1","-1","5","2147483647","0","0.16666","0.59681"
"HouseConstruction-010","26","18","51","1","1","1","0","0","1","0","1","0","0","1","1","0","0","0","0","-1","-1","1","-1","-1","-1","-1","10","2147483647","0","0.16666","0.59681"
"HouseConstruction-020","26","18","51","1","1","1","0","0","1","0","1","0","0","1","1","0","0","0","0","-1","-1","1","-1","-1","-1","-1","20","2147483647","0","0.16666","0.59681"
"HouseConstruction-050","26","18","51","1","1","1","0","0","1","0","1","0","0","1","1","0","0","0","0","-1","-1","1","-1","-1","-1","-1","50","2147483647","0","0.16666","0.59681"
"HouseConstruction-100","26","18","51","1","1","1","0","0","1","0","1","0","0","1","1","0","0","0","0","-1","-1","1","-1","-1","-1","-1","100","2147483647","0","0.16666","0.59681"
"HouseConstruction-200","26","18","51","1","1","1","0","0","1","0","1","0","0","1","1","0","0","0","0","-1","-1","1","-1","-1","-1","-1","200","2147483647","0","0.16666","0.59681"
"HouseConstruction-500","26","18","51","1","1","1","0","0","1","0","1","0","0","1","1","0","0","0","0","-1","-1","1","-1","-1","-1","-1","500","2147483647","0","0.16666","0.59681"
"hxg_110","31","42","168","1","0","0","0","0","1","1","0","0","0","0","1","1","1","0","0","-1","-1","1","-1","58123","2147483647","-1","-1","18","0","0.42897","0.08159"
"hxg_126","31","42","168","1","0","0","0","0","1","1","0","0","0","0","1","1","1","0","0","-1","-1","1","-1","-1","-1","-1","30","0","0.42897","0.08159"
"IBM319","253","178","526","1","1","1","0","0","1","0","1","1","0","0","1","0","0","0","1","1","0","0","0","2482","-1","1","5","253","0.02247","0.02164","0.94889"
"IBM5964","263","139","541","1","1","1","0","0","1","0","1","1","0","0","1","0","0","0","0","-1","-1","-1","-1","12815","2147483647","-1","-1","9","0.41007","0.01212","0.96823"
"IBM703","262","284","572","1","1","1","0","0","1","0","1","1","0","0","1","0","0","0","1","1","0","1","0","8370","-1","1","0","262","0","0.03427","0.92389"
"IOTP_c12m10p15d17","111","45","224","1","0","0","0","0","1","1","0","0","0","0","0","0","0","0","0","-1","-1","1","-1","-1","-1","-1","67","2147483647","0","0.15384","0.67472"
"IOTP_c1m1p1d1","111","45","224","1","0","0","0","0","1","1","0","0","0","0","0","0","0","0","1","0","-1","1","-1","204","-1","1","17","111","0","0.15384","0.67472"
"IOTP_c3m3p3d3","111","45","224","1","0","0","0","0","1","1","0","0","0","0","0","0","0","0","0","-1","-1","1","-1","-1","-1","-1","25","2147483647","0","0.15384","0.67472"
"IOTP_c5m4p3d2","111","45","224","1","0","0","0","0","1","1","0","0","0","0","0","0","0","0","0","-1","-1","1","-1","-1","-1","-1","27","2147483647","0","0.15384","0.67472"
"joinFree-1000","5001","8001","23002","0","0","0","0","0","1","1","0","0","0","0","0","0","1","0","0","-1","-1","-1","-1","-1","-1","-1","1003001","0","0","0"
"joinFree-100","501","801","2302","0","0","0","0","0","1","1","0","0","0","0","0","0","1","0","0","-1","-1","-1","-1","-1","-1","-1","10301","0","0.49602","0.00396"
"joinFree-10","51","81","232","0","0","0","0","0","1","1","0","0","0","0","0","0","1","0","0","-1","-1","-1","-1","-1","-1","-1","131","0","0.46262","0.03703"
"joinFree-2000","10001","16001","46002","0","0","0","0","0","1","1","0","0","0","0","0","0","1","0","0","-1","-1","-1","-1","-1","-1","-1","4006001","0","0","0"
"joinFree-200","1001","1601","4602","0","0","0","0","0","1","1","0","0","0","0","0","0","1","0","0","-1","-1","-1","-1","-1","-1","-1","40601","0","0.49800","0.00199"
"joinFree-20","101","161","462","0","0","0","0","0","1","1","0","0","0","0","0","0","1","0","0","-1","-1","-1","-1","-1","-1","-1","461","0","0.48067","0.01923"
"joinFree-3","16","25","71","0","0","0","0","0","1","1","0","0","0","0","0","0","1","0","0","-1","-1","-1","-1","-1","-1","-1","19","0","0.39215","0.10526"
"joinFree-4","21","33","94","0","0","0","0","0","1","1","0","0","0","0","0","0","1","0","0","-1","-1","-1","-1","-1","-1","-1","29","0","0.41501","0.08333"
"joinFree-5000","25001","40001","115002","0","0","0","0","0","1","1","0","0","0","0","0","0","1","0","0","-1","-1","-1","-1","-1","-1","-1","25015001","0","0","0"
"joinFree-500","2501","4001","11502","0","0","0","0","0","1","1","0","0","0","0","0","0","1","0","0","-1","-1","-1","-1","-1","-1","-1","251501","0","0","0"
"joinFree-50","251","401","1152","0","0","0","0","0","1","1","0","0","0","0","0","0","1","0","0","-1","-1","-1","-1","-1","-1","-1","2651","0","0.49211","0.00787"
"joinFree-5","26","41","117","0","0","0","0","0","1","1","0","0","0","0","0","0","1","0","0","-1","-1","-1","-1","-1","-1","-1","41","0","0.42989","0.06896"
"Kanban-1000","16","16","40","1","1","1","0","0","1","1","0","0","0","0","1","1","1","0","0","-1","-1","1","-1","-1","-1","-1","4000","0","0.29411","0.30263"
"Kanban-100","16","16","40","1","1","1","0","0","1","1","0","0","0","0","1","1","1","0","0","-1","-1","1","-1","-1","-1","-1","400","0","0.29411","0.30263"
"Kanban-10","16","16","40","1","1","1","0","0","1","1","0","0","0","0","1","1","1","0","0","-1","-1","1","-1","-1","-1","-1","40","0","0.29411","0.30263"
"Kanban-200","16","16","40","1","1","1","0","0","1","1","0","0","0","0","1","1","1","0","0","-1","-1","1","-1","-1","-1","-1","800","0","0.29411","0.30263"
"Kanban-20","16","16","40","1","1","1","0","0","1","1","0","0","0","0","1","1","1","0","0","-1","-1","1","-1","-1","-1","-1","80","0","0.29411","0.30263"
"Kanban-500","16","16","40","1","1","1","0","0","1","1","0","0","0","0","1","1","1","0","0","-1","-1","1","-1","-1","-1","-1","2000","0","0.29411","0.30263"
"Kanban-50","16","16","40","1","1","1","0","0","1","1","0","0","0","0","1","1","1","0","0","-1","-1","1","-1","-1","-1","-1","200","0","0.29411","0.30263"
"Kanban-5","16","16","40","1","1","1","0","0","1","1","0","0","0","0","1","1","1","0","0","-1","-1","1","-1","-1","-1","-1","20","0","0.29411","0.30263"
"MAPK-160","22","30","90","1","0","0","0","0","1","1","0","0","0","0","1","0","0","0","0","-1","-1","1","-1","-1","-1","-1","720","2147483647","0","0.28079","0.35636"
"MAPK-20","22","30","90","1","0","0","0","0","1","1","0","0","0","0","1","0","0","0","0","-1","-1","1","-1","-1","-1","-1","90","2147483647","0","0.28079","0.35636"
"MAPK-320","22","30","90","1","0","0","0","0","1","1","0","0","0","0","1","0","0","0","0","-1","-1","1","-1","-1","-1","-1","1440","2147483647","0","0.28079","0.35636"
"MAPK-40","22","30","90","1","0","0","0","0","1","1","0","0","0","0","1","0","0","0","0","-1","-1","1","-1","-1","-1","-1","180","2147483647","0","0.28079","0.35636"
"MAPK-53-2-0","106","173","986","1","0","0","0","0","1","1","0","0","0","0","0","1","1","0","1","1","0","0","0","8.12646e+06","-1","1","53","0.31791","0.24913","0.48329"
"MAPK-80","22","30","90","1","0","0","0","0","1","1","0","0","0","0","1","0","0","0","0","-1","-1","1","-1","-1","-1","-1","360","2147483647","0","0.28079","0.35636"
"MAPK-8","22","30","90","1","0","0","0","0","1","1","0","0","0","0","1","0","0","0","0","-1","-1","1","-1","-1","-1","-1","36","2147483647","0","0.28079","0.35636"
"neoelection-2.unf","438","357","1998","1","0","0","0","0","0","0","1","1","0","0","0","0","0","0","1","1","0","0","0","241","-1","1","12","438","0.47338","0.00227","0.99090"
"neoelection-3.unf","972","1016","5840","1","0","0","0","0","0","0","1","1","0","0","0","0","0","0","1","1","0","0","0","974325","-1","1","24","972","0.47244","0.00286","0.99222"
"NQueens-PT-05","55","25","125","1","0","0","0","0","0","0","1","1","0","0","1","0","1","0","1","1","0","1","0","462","-1","1","30","0","0.38377","0.19749"
"open_system_0","198","176","730","1","0","0","0","0","1","1","0","0","0","0","0","0","0","0","1","0","-1","1","-1","2.77694e+06","-1","1","32","198","0","0.30643","0.37715"
"PaceMaker","70","164","954","0","0","0","0","0","1","1","0","0","0","0","0","1","1","0","0","-1","-1","-1","-1","-1","-1","-1","18085","0","0.46928","0.03365"
"Peterson-2","102","126","384","1","0","0","0","0","1","1","0","0","0","0","0","1","1","0","1","0","-1","1","-1","20754","-1","1","8","0","0.30181","0.37721"
"peterson_3_13","9","12","36","1","0","0","0","0","1","1","0","0","0","0","0","1","1","0","1","0","-1","1","-1","12","-1","1","2","0","0.10909","0.61111"
"peterson_3_14","9","12","36","1","0","0","0","0","1","0","1","0","0","0","0","1","1","0","1","0","-1","0","0","12","-1","1","2","0.04166","0.10909","0.61111"
"peterson_3_15","7","21","42","1","1","1","1","0","0","0","0","0","0","0","0","1","1","0","1","0","1","1","1","12","-1","1","3","0","0.22222","0.34285"
"peterson_3_16","14","18","60","1","0","0","0","0","1","0","1","0","0","0","0","1","1","0","1","0","-1","0","0","25","-1","1","3","0.02777","0.15833","0.56302"
"peterson_3_17","18","21","72","1","0","0","0","0","1","0","1","0","0","0","0","1","1","0","1","0","-1","0","0","64","-1","1","4","0.02380","0.22105","0.46031"
"peterson_3_1","4","4","8","1","1","1","0","1","1","0","0","0","1","1","1","0","0","0","0","-1","-1","0","0","-1","-1","-1","1","2147483647","0.37500","0","0.71428"
"peterson_3_28","8","11","22","1","0","0","0","0","1","0","0","0","1","1","0","0","0","0","0","-1","-1","1","-1","36","2147483647","-1","-1","3","0","0.21111","0.38636"
"peterson_3_29-31","16","12","32","1","1","1","0","1","0","0","0","0","0","0","1","0","0","0","0","-1","-1","1","-1","-1","-1","-1","94","2147483647","0","0.36928","0.15131"
"peterson_3_29","5","4","10","1","1","1","0","1","1","0","0","0","0","0","1","0","0","0","0","-1","-1","1","-1","8","2147483647","-1","-1","2","0","0.19047","0.35000"
"peterson_3_2","11","10","34","1","0","0","0","0","1","0","0","0","1","1","1","0","0","0","0","-1","-1","1","-1","56","2147483647","-1","-1","4","0","0.27564","0.29870"
"peterson_3_30","5","4","10","1","1","1","0","1","1","0","0","0","0","0","1","0","0","0","0","-1","-1","1","-1","-1","-1","-1","10","2147483647","0","0.19047","0.35000"
"peterson_3_31","5","4","10","1","1","1","0","1","1","0","0","0","0","0","1","0","0","0","0","-1","-1","1","-1","8","2147483647","-1","-1","2","0","0.19047","0.35000"
"peterson_3_33i","5","4","13","1","0","0","0","0","1","1","0","0","0","0","0","0","0","0","0","-1","-1","1","-1","-1","-1","-1","11","2147483647","0","0.19047","0.35000"
"peterson_3_34","4","4","8","1","1","1","0","1","1","0","0","0","1","1","1","0","0","0","0","-1","-1","1","-1","-1","-1","-1","3","2147483647","0","0.16666","0.35714"
"peterson_3_36","26","18","51","1","1","1","0","0","1","0","1","0","0","1","1","0","0","0","1","1","0","0","0","64","-1","1","3","26","0.05555","0.16666","0.59681"
"peterson_3_3","4","4","8","1","1","1","0","1","1","0","0","0","1","1","1","0","0","0","0","-1","-1","0","0","-1","-1","-1","1","2147483647","0.37500","0","0.71428"
"peterson_3_9-17","57","84","246","1","0","0","0","0","0","0","1","0","0","0","0","1","1","0","1","0","-1","0","0","2.7648e+06","-1","1","14","0.01785","0.37814","0.20994"
"peterson_4_2a","3","3","6","1","1","1","0","1","1","0","0","0","1","1","0","0","0","0","0","-1","-1","0","0","-1","-1","-1","2","2147483647","0.33333","0","0.66666"
"peterson_4_2b","5","3","10","1","1","1","0","1","1","1","0","0","0","0","0","1","1","0","1","0","-1","1","-1","4","-1","1","3","0","0.19047","0.35000"
"peterson_4_3","5","4","12","1","0","0","0","0","1","1","0","0","0","0","1","0","0","0","1","0","-1","1","-1","3","-1","1","3","5","0","0.11904","0.50000"
"peterson_4_5","5","4","10","1","1","1","0","1","1","0","0","0","0","0","1","0","0","0","0","-1","-1","1","-1","8","2147483647","-1","-1","3","0","0.19047","0.35000"
"philo_dyn-10-unfolded","170","2310","18190","0","0","0","0","0","1","1","0","0","0","0","0","0","0","0","-1","-1","-1","-1","-1","-1","-1","-1","10","2147483647","0","0","0"
"philo_dyn-20-unfolded","540","17220","140780","0","0","0","0","0","1","1","0","0","0","0","0","0","0","0","-1","-1","-1","-1","-1","-1","-1","-1","20","2147483647","0","0","0"
"philo_dyn-3-unfolded","30","84","564","0","0","0","0","0","1","1","0","0","0","0","0","0","0","0","-1","-1","-1","-1","-1","-1","-1","-1","3","2147483647","0","0.40221","0.13333"
"Philosophers-100","500","500","1600","1","0","0","0","0","1","1","0","0","0","0","1","0","0","0","1","1","0","1","0","5.15378e+47","-1","1","200","500","0","0.49045","0.01510"
"Philosophers-10","50","50","160","1","0","0","0","0","1","1","0","0","0","0","1","0","0","0","1","1","0","1","0","59049","-1","1","20","50","0","0.40912","0.14339"
"Philosophers-200","1000","1000","3200","1","0","0","0","0","1","1","0","0","0","0","1","0","0","0","1","1","0","1","0","2.65614e+95","-1","1","400","1000","0","0.49521","0.00757"
"Philosophers-20","100","100","320","1","0","0","0","0","1","1","0","0","0","0","1","0","0","0","1","1","0","1","0","3.48678e+09","-1","1","40","100","0","0.45331","0.07378"
"Philosophers-50","250","250","800","1","0","0","0","0","1","1","0","0","0","0","1","0","0","0","1","1","0","1","0","7.17898e+23","-1","1","100","250","0","0.48101","0.03003"
"Philosophers-5","25","25","80","1","0","0","0","0","1","1","0","0","0","0","1","0","0","0","1","1","0","1","0","243","-1","1","10","25","0","0.32763","0.27142"
"planning","126","128","652","1","0","0","0","0","0","0","0","1","0","0","0","0","0","0","0","-1","-1","1","-1","4","2147483647.97832e+16","-1","-1","64","0","0.48222","0.01993"
"PolyORB-LF-S02-J04-T06-unfolded","476","920","4242","0","0","0","0","0","1","1","0","0","0","0","0","0","0","0","0","-1","-1","-1","-1","-1","-1","-1","58","2147483647","0.49728","0.00269","0.99042"
"PolyORB-LF-S02-J04-T08-unfolded","614","1242","5732","0","0","0","0","0","1","1","0","0","0","0","0","0","0","0","0","-1","-1","-1","-1","-1","-1","-1","62","2147483647","0.49798","0.00201","0.99271"
"PolyORB-LF-S02-J04-T10-unfolded","752","1572","7262","0","0","0","0","0","1","1","0","0","0","0","0","0","0","0","0","-1","-1","-1","-1","-1","-1","-1","66","2147483647","0.49840","0.00163","0.99407"
"PolyORB-LF-S02-J06-T06-unfolded","536","1064","4866","0","0","0","0","0","1","1","0","0","0","0","0","0","0","0","0","-1","-1","-1","-1","-1","-1","-1","60","2147483647","0.49765","0.00238","0.99152"
"PolyORB-LF-S02-J06-T08-unfolded","690","1434","6564","0","0","0","0","0","1","1","0","0","0","0","0","0","0","0","0","-1","-1","-1","-1","-1","-1","-1","64","2147483647","0.49825","0.00176","0.99357"
"PolyORB-LF-S02-J06-T10-unfolded","844","1812","8302","0","0","0","0","0","1","1","0","0","0","0","0","0","0","0","0","-1","-1","-1","-1","-1","-1","-1","68","2147483647","0.49862","0.00142","0.99478"
"PolyORB-LF-S04-J04-T06-unfolded","554","2998","20754","0","0","0","0","0","1","1","0","0","0","0","0","0","0","0","0","-1","-1","-1","-1","-1","-1","-1","62","2147483647","0.49849","0.00270","0.99099"
"PolyORB-LF-S04-J04-T08-unfolded","712","4012","27744","0","0","0","0","0","1","1","0","0","0","0","0","0","0","0","0","-1","-1","-1","-1","-1","-1","-1","66","2147483647","0.49887","0.00198","0.99323"
"PolyORB-LF-S04-J04-T10-unfolded","870","5034","34774","0","0","0","0","0","1","1","0","0","0","0","0","0","0","0","0","-1","-1","-1","-1","-1","-1","-1","70","2147483647","0.49910","0.00157","0.99455"
"PolyORB-LF-S04-J06-T06-unfolded","618","3190","21570","0","0","0","0","0","1","1","0","0","0","0","0","0","0","0","0","-1","-1","-1","-1","-1","-1","-1","64","2147483647","0.49858","0.00239","0.99198"
"PolyORB-LF-S04-J06-T08-unfolded","792","4268","28832","0","0","0","0","0","1","1","0","0","0","0","0","0","0","0","0","-1","-1","-1","-1","-1","-1","-1","68","2147483647","0.49894","0.00175","0.99398"
"PolyORB-LF-S04-J06-T10-unfolded","966","5354","36134","0","0","0","0","0","1","1","0","0","0","0","0","0","0","0","0","-1","-1","-1","-1","-1","-1","-1","72","2147483647","0.49915","0.00138","0.99515"
"PolyORB-LF-S06-J04-T04-unfolded","454","6994","59152","0","0","0","0","0","1","1","0","0","0","0","0","0","0","0","0","-1","-1","-1","-1","-1","-1","-1","62","2147483647","0.49907","0.00436","0.98689"
"PolyORB-LF-S06-J04-T06-unfolded","632","10500","88770","0","0","0","0","0","1","1","0","0","0","0","0","0","0","0","0","-1","-1","-1","-1","-1","-1","-1","66","2147483647","0.49938","0.00270","0.99143"
"PolyORB-LF-S06-J04-T08-unfolded","810","14014","118428","0","0","0","0","0","1","1","0","0","0","0","0","0","0","0","0","-1","-1","-1","-1","-1","-1","-1","70","2147483647","0.49953","0.00195","0.99363"
"PolyORB-LF-S06-J06-T04-unfolded","506","7154","59824","0","0","0","0","0","1","1","0","0","0","0","0","0","0","0","0","-1","-1","-1","-1","-1","-1","-1","64","2147483647","0.49909","0.00385","0.98835"
"PolyORB-LF-S06-J06-T06-unfolded","700","10740","89778","0","0","0","0","0","1","1","0","0","0","0","0","0","0","0","0","-1","-1","-1","-1","-1","-1","-1","68","2147483647","0.49939","0.00240","0.99234"
"PolyORB-LF-S06-J06-T08-unfolded","894","14334","119772","0","0","0","0","0","1","1","0","0","0","0","0","0","0","0","0","-1","-1","-1","-1","-1","-1","-1","72","2147483647","0.49954","0.00173","0.99430"
"PolyORB-NT-S05-J20-unfolded","349","1210","8824","0","0","0","0","0","1","1","0","0","0","0","0","0","0","0","0","-1","-1","-1","-1","-1","-1","-1","58","2147483647","0.49338","0.00950","0.97530"
"PolyORB-NT-S05-J30-unfolded","489","1400","9764","0","0","0","0","0","1","1","0","0","0","0","0","0","0","0","0","-1","-1","-1","-1","-1","-1","-1","68","2147483647","0.49428","0.00711","0.98169"
"PolyORB-NT-S05-J40-unfolded","629","1590","10704","0","0","0","0","0","1","1","0","0","0","0","0","0","0","0","0","-1","-1","-1","-1","-1","-1","-1","78","2147483647","0.49496","0.00593","0.98497"
"PolyORB-NT-S05-J60-unfolded","909","1970","12584","0","0","0","0","0","1","1","0","0","0","0","0","0","0","0","0","-1","-1","-1","-1","-1","-1","-1","98","2147483647","0.49593","0.00476","0.98828"
"PolyORB-NT-S05-J80-unfolded","1189","2350","14464","0","0","0","0","0","1","1","0","0","0","0","0","0","0","0","0","-1","-1","-1","-1","-1","-1","-1","118","2147483647","0.49659","0.00418","0.98994"
"PolyORB-NT-S10-J20-unfolded","474","11760","111119","0","0","0","0","0","1","1","0","0","0","0","0","0","0","0","0","-1","-1","-1","-1","-1","-1","-1","68","2147483647","0.49889","0.00872","0.97835"
"PolyORB-NT-S10-J30-unfolded","664","12050","112559","0","0","0","0","0","1","1","0","0","0","0","0","0","0","0","0","-1","-1","-1","-1","-1","-1","-1","78","2147483647","0.49892","0.00602","0.98495"
"PolyORB-NT-S10-J40-unfolded","854","12340","113999","0","0","0","0","0","1","1","0","0","0","0","0","0","0","0","0","-1","-1","-1","-1","-1","-1","-1","88","2147483647","0.49894","0.00473","0.98820"
"PolyORB-NT-S10-J60-unfolded","1234","12920","116879","0","0","0","0","0","1","1","0","0","0","0","0","0","0","0","0","-1","-1","-1","-1","-1","-1","-1","108","2147483647","0.49899","0.00350","0.99136"
"PolyORB-NT-S10-J80-unfolded","1614","13500","119759","0","0","0","0","0","1","1","0","0","0","0","0","0","0","0","0","-1","-1","-1","-1","-1","-1","-1","128","2147483647","0.49903","0.00292","0.99290"
"QCertifProtocol_02-unfold","86","56","223","1","0","0","0","0","1","0","1","1","0","0","1","0","0","0","1","1","0","1","0","1029","-1","1","8","86","0","0.19370","0.59001"
"QCertifProtocol_06-unfold","270","116","659","1","0","0","0","0","1","0","1","1","0","0","1","0","0","0","0","-1","-1","1","-1","-1","-1","-1","18","2147483647","0","0.23918","0.51428"
"railroad-005-pt","68","56","313","1","0","0","0","0","0","0","1","1","0","0","0","0","0","0","1","0","-1","0","0","1838","-1","1","15","68","0.04464","0.19565","0.58036"
"railroad-010-pt","118","156","898","1","0","0","0","0","0","0","1","1","0","0","0","0","0","0","1","0","-1","0","0","2.03817e+06","-1","1","25","118","0.03205","0.21148","0.56044"
"RAS-C-10","60","40","174","1","0","0","0","0","1","1","0","0","0","0","1","0","0","0","1","1","0","1","0","823552","-1","1","30","60","0","0.43865","0.09047"
"RAS-C-15","90","60","264","1","0","0","0","0","1","1","0","0","0","0","1","0","0","0","1","1","0","1","0","5.78878e+08","-1","1","45","90","0","0.45795","0.06236"
"RAS-C-20","120","80","354","1","0","0","0","0","1","1","0","0","0","0","1","0","0","0","1","1","0","1","0","4.06455e+11","-1","1","60","120","0","0.46802","0.04756"
"RAS-C-3","18","12","48","1","0","0","0","0","1","1","0","0","0","0","1","0","0","0","1","1","0","1","0","92","-1","1","9","18","0","0.33157","0.23809"
"RAS-C-5","30","20","84","1","0","0","0","0","1","1","0","0","0","0","1","0","0","0","1","1","0","1","0","1200","-1","1","15","30","0","0.38709","0.16363"
"RAS-R-100","400","202","1000","1","0","0","0","0","1","1","0","0","0","0","1","0","0","0","1","1","0","1","0","6.46502e+31","-1","1","200","400","0","0.46184","0.07133"
"RAS-R-10","40","22","100","1","0","0","0","0","1","1","0","0","0","0","1","0","0","0","1","1","0","1","0","6144","-1","1","20","40","0","0.40360","0.14534"
"RAS-R-15","60","32","150","1","0","0","0","0","1","1","0","0","0","0","1","0","0","0","1","1","0","1","0","278528","-1","1","30","60","0","0.42437","0.11904"
"RAS-R-20","80","42","200","1","0","0","0","0","1","1","0","0","0","0","1","0","0","0","1","1","0","1","0","1.15343e+07","-1","1","40","80","0","0.43510","0.10542"
"RAS-R-2","8","6","20","1","0","0","0","0","1","1","0","0","0","0","1","0","0","0","1","1","0","1","0","8","-1","1","4","8","0","0.21111","0.38636"
"RAS-R-3","12","8","30","1","0","0","0","0","1","1","0","0","0","0","1","0","0","0","1","1","0","1","0","20","-1","1","6","12","0","0.28021","0.30000"
"RAS-R-5","20","12","50","1","0","0","0","0","1","1","0","0","0","0","1","0","0","0","1","1","0","1","0","112","-1","1","10","20","0","0.34632","0.21739"
"referendum-unfolded-100","301","201","501","1","1","1","0","0","1","0","1","1","0","0","1","0","0","0","1","1","0","1","0","5.15378e+47","-1","1","100","301","0","0.48685","0.01969"
"referendum-unfolded-10","31","21","51","1","1","1","0","0","1","0","1","1","0","0","1","0","0","0","1","1","0","1","0","59050","-1","1","10","31","0","0.38352","0.17267"
"referendum-unfolded-15","46","31","76","1","1","1","0","0","1","0","1","1","0","0","1","0","0","0","1","1","0","1","0","1.43489e+07","-1","1","15","46","0","0.41888","0.12067"
"referendum-unfolded-20","61","41","101","1","1","1","0","0","1","0","1","1","0","0","1","0","0","0","1","1","0","1","0","3.48678e+09","-1","1","20","61","0","0.43778","0.09272"
"referendum-unfolded-50","151","101","251","1","1","1","0","0","1","0","1","1","0","0","1","0","0","0","1","1","0","1","0","7.17898e+23","-1","1","50","151","0","0.47407","0.03878"
"RefineWMG-002-002","14","11","32","0","0","0","0","0","1","1","0","0","0","0","1","1","1","0","0","-1","-1","-1","-1","-1","-1","-1","20","0","0.33333","0.21008"
"RefineWMG-002-003","14","11","32","0","0","0","0","0","1","1","0","0","0","0","1","1","1","0","0","-1","-1","-1","-1","-1","-1","-1","24","0","0.33333","0.21008"
"RefineWMG-005-005","29","23","68","0","0","0","0","0","1","1","0","0","0","0","1","1","1","0","0","-1","-1","-1","-1","-1","-1","-1","62","0","0.40215","0.13146"
"RefineWMG-005-006","29","23","68","0","0","0","0","0","1","1","0","0","0","0","1","1","1","0","0","-1","-1","-1","-1","-1","-1","-1","72","0","0.40215","0.13146"
"RefineWMG-007-007","39","31","92","0","0","0","0","0","1","1","0","0","0","0","1","1","1","0","0","-1","-1","-1","-1","-1","-1","-1","110","0","0.42073","0.10989"
"RefineWMG-007-008","39","31","92","0","0","0","0","0","1","1","0","0","0","0","1","1","1","0","0","-1","-1","-1","-1","-1","-1","-1","124","0","0.42073","0.10989"
"RefineWMG-010-010","54","43","126","0","0","0","0","0","0","0","0","1","0","0","1","1","1","0","0","-1","-1","-1","-1","-1","-1","-1","212","0","0.44318","0.07797"
"RefineWMG-010-011","54","43","126","0","0","0","0","0","0","0","0","1","0","0","1","1","1","0","0","-1","-1","-1","-1","-1","-1","-1","232","0","0.44318","0.07797"
"RefineWMG-015-015","79","63","186","0","0","0","0","0","0","0","0","1","0","0","1","1","1","0","0","-1","-1","-1","-1","-1","-1","-1","462","0","0.45447","0.06637"
"RefineWMG-015-016","79","63","186","0","0","0","0","0","0","0","0","1","0","0","1","1","1","0","0","-1","-1","-1","-1","-1","-1","-1","492","0","0.45447","0.06637"
"RefineWMG-025-025","129","103","304","0","0","0","0","0","0","0","0","1","0","0","1","1","1","0","0","-1","-1","-1","-1","-1","-1","-1","1262","0","0.46694","0.05085"
"RefineWMG-025-026","129","103","304","0","0","0","0","0","0","0","0","1","0","0","1","1","1","0","0","-1","-1","-1","-1","-1","-1","-1","1312","0","0.46694","0.05085"
"RefineWMG-050-050","254","203","598","0","0","0","0","0","0","0","0","1","0","0","1","1","1","0","0","-1","-1","-1","-1","-1","-1","-1","5012","0","0.47746","0.03725"
"RefineWMG-050-051","254","203","598","0","0","0","0","0","0","0","0","1","0","0","1","1","1","0","0","-1","-1","-1","-1","-1","-1","-1","5112","0","0.47746","0.03725"
"RefineWMG-100-100","504","403","1208","0","0","0","0","0","1","1","0","0","0","0","1","1","1","0","0","-1","-1","-1","-1","-1","-1","-1","20012","0","0.47510","0.04583"
"RefineWMG-100-101","504","403","1208","0","0","0","0","0","1","1","0","0","0","0","1","1","1","0","0","-1","-1","-1","-1","-1","-1","-1","20212","0","0.47510","0.04583"
"robot-manipulation-10000","15","11","34","1","0","0","0","0","1","1","0","0","0","0","1","0","0","0","0","-1","-1","1","-1","-1","-1","-1","60001","2147483647","0","0.11029","0.66666"
"robot-manipulation-1000","15","11","34","1","0","0","0","0","1","1","0","0","0","0","1","0","0","0","0","-1","-1","1","-1","-1","-1","-1","6001","2147483647","0","0.11029","0.66666"
"robot-manipulation-100","15","11","34","1","0","0","0","0","1","1","0","0","0","0","1","0","0","0","0","-1","-1","1","-1","-1","-1","-1","601","2147483647","0","0.11029","0.66666"
"robot-manipulation-10","15","11","34","1","0","0","0","0","1","1","0","0","0","0","1","0","0","0","0","-1","-1","1","-1","-1","-1","-1","61","2147483647","0","0.11029","0.66666"
"robot-manipulation-1","15","11","34","1","0","0","0","0","1","1","0","0","0","0","1","0","0","0","0","-1","-1","1","-1","-1","-1","-1","7","2147483647","0","0.11029","0.66666"
"robot-manipulation-2000","15","11","34","1","0","0","0","0","1","1","0","0","0","0","1","0","0","0","0","-1","-1","1","-1","-1","-1","-1","12001","2147483647","0","0.11029","0.66666"
"robot-manipulation-200","15","11","34","1","0","0","0","0","1","1","0","0","0","0","1","0","0","0","0","-1","-1","1","-1","-1","-1","-1","1201","2147483647","0","0.11029","0.66666"
"robot-manipulation-20","15","11","34","1","0","0","0","0","1","1","0","0","0","0","1","0","0","0","0","-1","-1","1","-1","-1","-1","-1","121","2147483647","0","0.11029","0.66666"
"robot-manipulation-2","15","11","34","1","0","0","0","0","1","1","0","0","0","0","1","0","0","0","0","-1","-1","1","-1","-1","-1","-1","13","2147483647","0","0.11029","0.66666"
"robot-manipulation-5000","15","11","34","1","0","0","0","0","1","1","0","0","0","0","1","0","0","0","0","-1","-1","1","-1","-1","-1","-1","30001","2147483647","0","0.11029","0.66666"
"robot-manipulation-500","15","11","34","1","0","0","0","0","1","1","0","0","0","0","1","0","0","0","0","-1","-1","1","-1","-1","-1","-1","3001","2147483647","0","0.11029","0.66666"
"robot-manipulation-50","15","11","34","1","0","0","0","0","1","1","0","0","0","0","1","0","0","0","0","-1","-1","1","-1","-1","-1","-1","301","2147483647","0","0.11029","0.66666"
"robot-manipulation-5","15","11","34","1","0","0","0","0","1","1","0","0","0","0","1","0","0","0","0","-1","-1","1","-1","-1","-1","-1","31","2147483647","0","0.11029","0.66666"
"rwmutex-r100w10","320","220","2640","1","0","0","0","0","1","1","0","0","0","0","1","0","0","0","1","0","-1","1","-1","1.26765e+30","-1","1","210","320","0","0.47198","0.04982"
"rwmutex-r10w100","230","220","2460","1","0","0","0","0","1","1","0","0","0","0","1","0","0","0","1","0","-1","1","-1","1124","-1","1","120","230","0","0.35947","0.27243"
"rwmutex-r10w10","50","40","300","1","0","0","0","0","1","1","0","0","0","0","1","0","0","0","1","0","-1","1","-1","1034","-1","1","30","50","0","0.35822","0.24528"
"rwmutex-r10w20","70","60","540","1","0","0","0","0","1","1","0","0","0","0","1","0","0","0","1","0","-1","1","-1","1044","-1","1","40","70","0","0.34917","0.27397"
"rwmutex-r10w500","1030","1020","12060","1","0","0","0","0","1","1","0","0","0","0","1","0","0","0","1","0","-1","1","-1","1524","-1","1","520","1030","0","0.37092","0.25620"
"rwmutex-r10w50","130","120","1260","1","0","0","0","0","1","1","0","0","0","0","1","0","0","0","1","0","-1","1","-1","1074","-1","1","70","130","0","0.35218","0.28050"
"rwmutex-r20w10","80","60","560","1","0","0","0","0","1","1","0","0","0","0","1","0","0","0","1","0","-1","1","-1","1.04859e+06","-1","1","50","80","0","0.40123","0.17319"
"SafeBus-03-unfolded","57","91","541","1","0","0","0","0","1","1","0","0","0","0","0","0","0","0","1","0","-1","0","0","4650","-1","1","11","57","0.04945","0.36499","0.23625"
"shared_memory-pt-10","131","210","800","1","0","0","0","0","1","1","0","0","0","0","0","0","0","0","1","0","-1","1","-1","1.83052e+06","-1","1","21","131","0","0.22955","0.52592"
"shared_memory-pt-20","461","820","3200","1","0","0","0","0","1","1","0","0","0","0","0","0","0","0","1","0","-1","1","-1","4.45146e+11","-1","1","41","461","0","0.14987","0.69592"
"shared_memory-pt-5","41","55","200","1","0","0","0","0","1","1","0","0","0","0","0","0","0","0","1","0","-1","1","-1","1863","-1","1","11","41","0","0.28516","0.38359"
"simple_lbs-2","32","45","252","1","0","0","0","0","1","1","0","0","0","0","0","0","0","0","1","0","-1","0","0","832","-1","1","7","32","0.01111","0.37878","0.18392"
"simple_lbs-5","59","180","1158","1","0","0","0","0","1","1","0","0","0","0","0","0","0","0","1","0","-1","0","0","116176","-1","1","10","59","0.14444","0.37868","0.20995"
"SmallOperatingSystem-MT0016DC0008","9","8","27","1","0","0","0","0","1","1","0","0","0","0","1","0","0","0","0","-1","-1","1","-1","-1","-1","-1","56","2147483647","0","0.14545","0.53703"
"SmallOperatingSystem-MT0032DC0008","9","8","27","1","0","0","0","0","1","1","0","0","0","0","1","0","0","0","0","-1","-1","1","-1","-1","-1","-1","88","2147483647","0","0.14545","0.53703"
"SmallOperatingSystem-MT0032DC0016","9","8","27","1","0","0","0","0","1","1","0","0","0","0","1","0","0","0","0","-1","-1","1","-1","-1","-1","-1","112","2147483647","0","0.14545","0.53703"
"SmallOperatingSystem-MT0064DC0016","9","8","27","1","0","0","0","0","1","1","0","0","0","0","1","0","0","0","0","-1","-1","1","-1","-1","-1","-1","176","2147483647","0","0.14545","0.53703"
"SmallOperatingSystem-MT0064DC0032","9","8","27","1","0","0","0","0","1","1","0","0","0","0","1","0","0","0","0","-1","-1","1","-1","-1","-1","-1","224","2147483647","0","0.14545","0.53703"
"SmallOperatingSystem-MT0128DC0032","9","8","27","1","0","0","0","0","1","1","0","0","0","0","1","0","0","0","0","-1","-1","1","-1","-1","-1","-1","352","2147483647","0","0.14545","0.53703"
"SmallOperatingSystem-MT0128DC0064","9","8","27","1","0","0","0","0","1","1","0","0","0","0","1","0","0","0","0","-1","-1","1","-1","-1","-1","-1","448","2147483647","0","0.14545","0.53703"
"SmallOperatingSystem-MT0256DC0064","9","8","27","1","0","0","0","0","1","1","0","0","0","0","1","0","0","0","0","-1","-1","1","-1","-1","-1","-1","704","2147483647","0","0.14545","0.53703"
"SmallOperatingSystem-MT0256DC0128","9","8","27","1","0","0","0","0","1","1","0","0","0","0","1","0","0","0","0","-1","-1","1","-1","-1","-1","-1","896","2147483647","0","0.14545","0.53703"
"SmallOperatingSystem-MT0512DC0128","9","8","27","1","0","0","0","0","1","1","0","0","0","0","1","0","0","0","0","-1","-1","1","-1","-1","-1","-1","1408","2147483647","0","0.14545","0.53703"
"SmallOperatingSystem-MT0512DC0256","9","8","27","1","0","0","0","0","1","1","0","0","0","0","1","0","0","0","0","-1","-1","1","-1","-1","-1","-1","1792","2147483647","0","0.14545","0.53703"
"SmallOperatingSystem-MT1024DC0256","9","8","27","1","0","0","0","0","1","1","0","0","0","0","1","0","0","0","0","-1","-1","1","-1","-1","-1","-1","2816","2147483647","0","0.14545","0.53703"
"SmallOperatingSystem-MT1024DC0512","9","8","27","1","0","0","0","0","1","1","0","0","0","0","1","0","0","0","0","-1","-1","1","-1","-1","-1","-1","3584","2147483647","0","0.14545","0.53703"
"SmallOperatingSystem-MT2048DC0512","9","8","27","1","0","0","0","0","1","1","0","0","0","0","1","0","0","0","0","-1","-1","1","-1","-1","-1","-1","5632","2147483647","0","0.14545","0.53703"
"SmallOperatingSystem-MT2048DC1024","9","8","27","1","0","0","0","0","1","1","0","0","0","0","1","0","0","0","0","-1","-1","1","-1","-1","-1","-1","7168","2147483647","0","0.14545","0.53703"
"SmallOperatingSystem-MT4096DC1024","9","8","27","1","0","0","0","0","1","1","0","0","0","0","1","0","0","0","0","-1","-1","1","-1","-1","-1","-1","11264","2147483647","0","0.14545","0.53703"
"SmallOperatingSystem-MT4096DC2048","9","8","27","1","0","0","0","0","1","1","0","0","0","0","1","0","0","0","0","-1","-1","1","-1","-1","-1","-1","14336","2147483647","0","0.14545","0.53703"
"SmallOperatingSystem-MT8192DC2048","9","8","27","1","0","0","0","0","1","1","0","0","0","0","1","0","0","0","0","-1","-1","1","-1","-1","-1","-1","22528","2147483647","0","0.14545","0.53703"
"SmallOperatingSystem-MT8192DC4096","9","8","27","1","0","0","0","0","1","1","0","0","0","0","1","0","0","0","0","-1","-1","1","-1","-1","-1","-1","28672","2147483647","0","0.14545","0.53703"
"soli0_counter_square5","51","84","540","1","0","0","0","0","1","0","1","0","0","0","1","0","1","0","0","-1","-1","-1","-1","-1","-1","-1","49","0.41071","0.30188","0.35875"
"soli1_counter","67","76","532","1","0","0","0","0","1","0","1","0","0","0","1","0","1","0","0","-1","-1","-1","-1","-1","-1","-1","65","0.47368","0.18009","0.61108"
"soli2_counter","75","92","644","1","0","0","0","0","1","0","1","0","0","0","1","0","1","0","0","-1","-1","-1","-1","-1","-1","-1","73","0.46739","0.20522","0.56376"
"SwimmingPool-10","9","7","20","1","0","0","0","0","1","1","0","0","0","0","1","0","0","0","0","-1","-1","1","-1","-1","-1","-1","450","2147483647","0","0.07272","0.68518"
"SwimmingPool-1","9","7","20","1","0","0","0","0","1","1","0","0","0","0","1","0","0","0","0","-1","-1","1","-1","-1","-1","-1","45","2147483647","0","0.07272","0.68518"
"SwimmingPool-2","9","7","20","1","0","0","0","0","1","1","0","0","0","0","1","0","0","0","0","-1","-1","1","-1","-1","-1","-1","90","2147483647","0","0.07272","0.68518"
"SwimmingPool-3","9","7","20","1","0","0","0","0","1","1","0","0","0","0","1","0","0","0","0","-1","-1","1","-1","-1","-1","-1","135","2147483647","0","0.07272","0.68518"
"SwimmingPool-4","9","7","20","1","0","0","0","0","1","1","0","0","0","0","1","0","0","0","0","-1","-1","1","-1","-1","-1","-1","180","2147483647","0","0.07272","0.68518"
"SwimmingPool-5","9","7","20","1","0","0","0","0","1","1","0","0","0","0","1","0","0","0","0","-1","-1","1","-1","-1","-1","-1","225","2147483647","0","0.07272","0.68518"
"SwimmingPool-6","9","7","20","1","0","0","0","0","1","1","0","0","0","0","1","0","0","0","0","-1","-1","1","-1","-1","-1","-1","270","2147483647","0","0.07272","0.68518"
"SwimmingPool-7","9","7","20","1","0","0","0","0","1","1","0","0","0","0","1","0","0","0","0","-1","-1","1","-1","-1","-1","-1","315","2147483647","0","0.07272","0.68518"
"SwimmingPool-8","9","7","20","1","0","0","0","0","1","1","0","0","0","0","1","0","0","0","0","-1","-1","1","-1","-1","-1","-1","360","2147483647","0","0.07272","0.68518"
"SwimmingPool-9","9","7","20","1","0","0","0","0","1","1","0","0","0","0","1","0","0","0","0","-1","-1","1","-1","-1","-1","-1","405","2147483647","0","0.07272","0.68518"
"tcp10","30","32","108","1","0","0","0","0","1","1","0","0","0","0","1","0","0","0","0","-1","-1","1","-1","-1","-1","-1","20","2147483647","0","0.13104","0.67676"
"tcp15","30","32","108","1","0","0","0","0","1","1","0","0","0","0","1","0","0","0","0","-1","-1","1","-1","-1","-1","-1","30","2147483647","0","0.13104","0.67676"
"tcp20","30","32","108","1","0","0","0","0","1","1","0","0","0","0","1","0","0","0","0","-1","-1","1","-1","-1","-1","-1","40","2147483647","0","0.13104","0.67676"
"tcp25","30","32","108","1","0","0","0","0","1","1","0","0","0","0","1","0","0","0","0","-1","-1","1","-1","-1","-1","-1","50","2147483647","0","0.13104","0.67676"
"tcp30","30","32","108","1","0","0","0","0","1","1","0","0","0","0","1","0","0","0","0","-1","-1","1","-1","-1","-1","-1","60","2147483647","0","0.13104","0.67676"
"tcp35","30","32","108","1","0","0","0","0","1","1","0","0","0","0","1","0","0","0","0","-1","-1","1","-1","-1","-1","-1","70","2147483647","0","0.13104","0.67676"
"tcp40","30","32","108","1","0","0","0","0","1","1","0","0","0","0","1","0","0","0","0","-1","-1","1","-1","-1","-1","-1","80","2147483647","0","0.13104","0.67676"
"tcp50","30","32","108","1","0","0","0","0","1","1","0","0","0","0","1","0","0","0","0","-1","-1","1","-1","-1","-1","-1","100","2147483647","0","0.13104","0.67676"
"tcp5","30","32","108","1","0","0","0","0","1","1","0","0","0","0","1","0","0","0","0","-1","-1","1","-1","-1","-1","-1","10","2147483647","0","0.13104","0.67676"
"TokenRing-10-unfolded","121","1111","4444","1","0","0","0","0","1","1","0","0","0","0","0","1","1","0","1","0","-1","0","0","58905","-1","1","11","0.34698","0.16060","0.66262"
"TokenRing-5-unfolded","36","156","624","1","0","0","0","0","1","1","0","0","0","0","0","1","1","0","1","0","-1","0","0","166","-1","1","6","0.27564","0.19914","0.54985"
"trg_1-20-0","16","12","48","1","0","0","0","0","1","1","0","0","0","0","1","1","1","0","0","-1","-1","1","-1","-1","-1","-1","66","0","0.37254","0.14473"
"trg_1-50-0","16","12","48","1","0","0","0","0","1","1","0","0","0","0","1","1","1","0","0","-1","-1","1","-1","-1","-1","-1","156","0","0.37254","0.14473"
"unf-8x8-4stageSEN-01","168","592","3456","0","0","0","0","0","1","0","1","1","0","0","1","0","0","0","-1","-1","-1","-1","-1","-1","-1","-1","9","2147483647","0.05405","0.16080","0.66666"
"unf-8x8-4stageSEN-02","168","592","3456","0","0","0","0","0","1","0","1","1","0","0","1","0","0","0","0","-1","-1","-1","-1","-1","-1","-1","18","2147483647","0.05405","0.16080","0.66666"
"unf-8x8-4stageSEN-05","168","592","3456","0","0","0","0","0","1","0","1","1","0","0","1","0","0","0","0","-1","-1","-1","-1","-1","-1","-1","45","2147483647","0.05405","0.16080","0.66666"
"unf-8x8-4stageSEN-10","168","592","3456","0","0","0","0","0","1","0","1","1","0","0","1","0","0","0","0","-1","-1","-1","-1","-1","-1","-1","90","2147483647","0.05405","0.16080","0.66666"
"unf-8x8-4stageSEN-20","168","592","3456","0","0","0","0","0","1","0","1","1","0","0","1","0","0","0","0","-1","-1","-1","-1","-1","-1","-1","180","2147483647","0.05405","0.16080","0.66666"
"unf-8x8-4stageSEN-50","168","592","3456","0","0","0","0","0","1","0","1","1","0","0","1","0","0","0","0","-1","-1","-1","-1","-1","-1","-1","450","2147483647","0.05405","0.16080","0.66666"
"z_2d_3n_1m_c_1_2","9","40","80","1","1","1","1","0","1","1","0","0","0","0","1","1","1","0","0","-1","1","1","1","511","2147483647","-1","-1","9","0","0.32727","0.16666"
"z_2d_3n_1m_t_1_2","9","72","144","1","1","1","1","0","1","1","0","0","0","0","1","1","1","0","0","-1","1","1","1","511","2147483647","-1","-1","9","0","0.32727","0.16666"
"z_3d_3n_1m_t_1_1","27","162","324","1","1","1","1","0","1","1","0","0","0","0","1","1","1","0","0","-1","1","1","1","1","2147483647.34218e+08","-1","-1","27","0","0.43226","0.06666"
